[
    {
        "model":"core.Gatos",
        "pk":1,
        "fields":{
            "gato_name":"Garfield",
            "raza":"Americano",
            "fecha":"5 meses"
        }
    },
    {
        "model":"core.Gatos",
        "pk":2,
        "fields":{
            "gato_name":"Tom",
            "raza":"Americano",
            "fecha":"10 meses"
        }
    },
    {
        "model":"core.Gatos",
        "pk":3,
        "fields":{
            "gato_name":"Micio",
            "raza":"Americano",
            "fecha":"Dado en adopción luego de 5 meses con nosotros"
        }
        
    },
    {
        "model":"core.Gatos",
        "pk":4,
        "fields":{
            "gato_name":"Jasper",
            "raza":"Americana",
            "fecha":"Dado en adopción luego de 2 meses con nosotros"
        }
        
    },
    {
        "model":"core.Gatos",
        "pk":5,
        "fields":{
            "gato_name":"Sr. Chispas",
            "raza":"Americano",
            "fecha":"Dado en adopción luego de 3 meses con nosotros"
        }
        
    },
    {
        "model":"core.Gatos",
        "pk":6,
        "fields":{
            "gato_name":"Oscuro",
            "raza":"Americano",
            "fecha":"Dado en adopción luego de 8 meses con nosotros"
        }   
    },
    {
        "model":"core.Gatos",
        "pk":7,
        "fields":{
            "gato_name":"Nube",
            "raza":"Americano",
            "fecha":"Dado en adopción luego de 8 meses con nosotros"
        }
        
    },
    {
        "model":"core.Gatos",
        "pk":8,
        "fields":{
            "gato_name":"Fluffy",
            "raza":"Americano",
            "fecha":"Dado en adopción luego de 8 meses con nosotros"
        }
        
    },
    {
        "model":"core.Gatos",
        "pk":9,
        "fields":{
            "gato_name":"Jack",
            "raza":"Americano",
            "fecha":"Dado en adopción luego de 7 meses con nosotros"
        }
        
    },
    {
        "model":"core.Gatos",
        "pk":10,
        "fields":{
            "gato_name":"Lucky",
            "raza":"Americano",
            "fecha":"Dado en adopción luego de 9 meses con nosotros"
        }
        
    },
    {
        "model":"core.Gatos",
        "pk":11,
        "fields":{
            "gato_name":"Pearl",
            "raza":"Americano",
            "fecha":"Dado en adopción luego de 9 meses con nosotros"
        }
        
    },
    {
        "model":"core.Gatos",
        "pk":12,
        "fields":{
            "gato_name":"Luna",
            "raza":"Americano",
            "fecha":"Dado en adopción luego de 4 meses con nosotros"
        }
        
    }

]